[
  {
    "transcript_id": "P03-GX-SX",
    "status": "success",
    "output_file": "anchor_memos/P03-GX-SX_PK-WAP.md",
    "elapsed_seconds": 26.13062810897827,
    "memo_length": 6755
  },
  {
    "transcript_id": "P86-G13-S4",
    "status": "success",
    "output_file": "anchor_memos/P86-G13-S4_PK-WAP.md",
    "elapsed_seconds": 40.053945779800415,
    "memo_length": 8871
  },
  {
    "transcript_id": "P118-G7-S4",
    "status": "success",
    "output_file": "anchor_memos/P118-G7-S4_PK-WAP.md",
    "elapsed_seconds": 35.012511253356934,
    "memo_length": 8362
  },
  {
    "transcript_id": "P80-G12-S5",
    "status": "success",
    "output_file": "anchor_memos/P80-G12-S5_PK-WAP.md",
    "elapsed_seconds": 32.49005746841431,
    "memo_length": 8677
  },
  {
    "transcript_id": "P51-GX-S6 (Michael Todd Edwards's conflicted copy 2025-12-02)",
    "status": "success",
    "output_file": "anchor_memos/P51-GX-S6 (Michael Todd Edwards's conflicted copy 2025-12-02)_PK-WAP.md",
    "elapsed_seconds": 30.69786787033081,
    "memo_length": 7497
  }
]